GTCATGAGCT	T4K
AGATTACTTT	P12K
CTCAGCTTTT	N15S
GCAGACCTTA	T17M
TGACAAATAC	V20G
TCCTAATTCA	P23H
TTAGAAGCAG	P23L
AAGCCATTAA	P23A
TAGCTATCCT	Q28H
TAATGCAGGA	Q28R
CCCCGACGAT	M39R
AGCGCTGAGA	M44T
ACTTCTATAC	F45L
CTAGTTGCTG	L46R
TTAAGGCTGT	L47R
ATCGGCGAAG	G51R
CCTTCCGCGA	G51A
TGTATTGTGA	G51V
GTCGTTAATA	F52Y
TGATTTGTAA	P53R
GGCGCTAGGG	F56Y
ATACGGACTG	L57R
AGAGCCGCTG	T58R
CAAAGCCTAC	R69H
GAGCACAAAT	del_N73
ATCCCAGATG	N78I
ATGGGCACAT	V87L
CTCGGCATTC	V87D
TTGGGCTCAG	L88P
GACATAGTGA	G89D
AGGTTATCGG	G90D
AGTACTCTCG	G90V
ATCATCTTTG	T94I
GCGCTATTTG	V104I
ACATGTACAG	V104F
GTTTGTAGAG	G106R
AGGAATGCGG	G106W
GTTGAAAACA	G109R
TATTTACGAC	C110R
CATGTGCTTG	C110Y
GAGACCCACGT	C110F
TTCTCGGCTA	G114D
TTAAGCCTGT	G114V
ACAATATCCA	E122G
GGCCAGTAGA	L125R
CTAGAGGGAA	S127F
ATGAACGTTA	L131P
TGTTAAGATG	R135P
CAAATAAACG	R135L
TCAACTCTAC	R135G
TTTGCAGCTG	R135W
ACTACAGCGG	V137M
CGTCAGCTGA	C140S
AAATGCAAGT	E150K
TATTCGCGTT	T160T
CCATAAATGG	W161R
GTGTGCGCTG	A164E
GTAATTGCTG	A164V
ATTGCTTCAT	C167R
TGAGACTAGT	C167W
TTAATGGGGA	A169P
AAATTTAATA	P170R
CATCCGGTTC	P171E
TTGTTGCCGG	P171Q
TTGATGCAAG	P171L
TGATCTAATC	G174S
TAATGGGAAT	S176F
ATTGTGCACG	Y178N
GCATGCGTCG	Y178D
CCATCCGATA	I179F
CACAAGCTAC	P180A
AACTGGGCTA	P180S
TAAGCTGCGG	E181K
TGAGTTATGG	G182S
AGGTATCGGA	Q184P
TAAGCGAATT	C185R
AGAGCTGTCT	S186P
AACCCGCCTG	S186W
GCCAATCGAT	C187Y
ACCTAAAGCA	G188R
CTTAAGCACC	D190N
GGCGCAACAC	D190G
CTGCACTTCC	D190Y
TGAGCCAGAT	Y191C
GAGGTCCTCG	T193M
GTAGCGCTAG	P196T
ACTAGGCAGC	I205S
TCCTTATATC	M207K
TCACGTGATG	M207R
GGCTGCGTCT	V209M
CTAACCGTCT	V210F
GAAAGCGCAG	H211R
TAGGCTCTAA	I214N
GGAATCCCAT	P215T
CACGATTCGA	P215L
ATCTCTACTG	M216K
TTTCATGACA	M216L
AATTCGTCGG	F220C
TTCCAAAGCG	R252P
TAACATTATG	del_I255
CTACAGTTAG	del_C264
ATGTTGCTGG	P267L
TTTATCACAA	G284S
CCCAGTAACG	T289P
CCATAAATTA	A295V
CAGCTCGATT	S297R
CGAGGCTCAA	A298D
CACTGATATG	K311E
CGCTATCAGC	T320N
TGAACCCTTC	L328P
TTTTGCGCTG	A333V
TTGCTTGATG	E341K
CTCGGGTAGG	T342M
AGTTCACTAG	S343C
TAGACCCTAA	Q344P
TTTGTGCATG	Q344R
ACAAACCATA	V345M
TGACAGTGAC	V345L
ACGCATTCCG	A346P
GGTCCGCGTG	P347Q
CAAGGCCTCA	P347R
CTCTCCCTCC	P347L
ACGAGGAAAG	P347A
GTTACTGAAT	P347S